## 视图、触发器、函数、存储过程、事务

#### 一、视图

- 视图的定义：视图是虚拟表或逻辑表，它被定义为具有连接的SQL SELECT查询语句。因为数据库视图与数据库表类似，它由行和列组成，因此可以根据数据库表查询数据。其内容由查询定义。但是，视图并不在数据库中以存储的数据值集形式存在，行和列数据来自由定义视图的查询所引用的表，并且在引用视图时动态生成。简单的来说视图是由其定义结果组成的表；

- 视图的优点:

  > ```
  > 1、数据库视图允许简化复杂查询，通过数据库视图，您只需使用简单的SQL语句，而不是使用具有多个连接的复杂的SQL语句。
  > 
  > 2、安全性。一般是这样做的:创建一个视图，定义好该视图所操作的数据。之后将用户权限与视图绑定。这样的方式是使用到了一个特性：grant语句可以针对视图进行授予权限。
  > ```

- 视图的缺点：	

  > ```
  > 1、性能：从数据库视图查询数据可能会很慢，特别是如果视图是基于其他视图创建的。
  > 
  > 2、表依赖关系：将根据数据库的基础表创建一个视图。每当更改与其相关联的表的结构时，都必须更改视图。
  > 四、创建视图
  > ```

- 创建视图

  ```mysql
  #语法：  CREATE VIEW 视图名称 AS  SQL语句
  
  #创建两张表两张有关系的表，分别是课程表和老师表
  #创建课程表
  CREATE TABLE `course` (
    `cid` int(10) unsigned NOT NULL AUTO_INCREMENT COMMENT '课程id',
    `cname` varchar(20) DEFAULT NULL COMMENT '课程名',
    `teacher_id` int(11) DEFAULT NULL COMMENT '老师id',
    PRIMARY KEY (`cid`)
  ) ENGINE=InnoDB DEFAULT CHARSET=utf8 COMMENT='课程表';
  
  #创建老师表
  CREATE TABLE `teacher` (
    `tid` int(10) unsigned NOT NULL AUTO_INCREMENT COMMENT '老师id',
    `tname` varchar(20) DEFAULT NULL COMMENT '老师名',
    PRIMARY KEY (`tid`)
  ) ENGINE=InnoDB DEFAULT CHARSET=utf8 COMMENT='老师表';
  
  #插入数据
  INSERT INTO `course` (`cid`, `cname`, `teacher_id`) VALUES ('1', '生物', '1');
  INSERT INTO `course` (`cid`, `cname`, `teacher_id`) VALUES ('2', '物理', '2');
  INSERT INTO `course` (`cid`, `cname`, `teacher_id`) VALUES ('3', '体育', '3');
  INSERT INTO `course` (`cid`, `cname`, `teacher_id`) VALUES ('4', '美术', '2');
  
  INSERT INTO `teacher` (`tid`, `tname`) VALUES ('1', '张磊');
  INSERT INTO `teacher` (`tid`, `tname`) VALUES ('2', '李平');
  INSERT INTO `teacher` (`tid`, `tname`) VALUES ('3', '刘海燕');
  INSERT INTO `teacher` (`tid`, `tname`) VALUES ('4', '朱云海');
  INSERT INTO `teacher` (`tid`, `tname`) VALUES ('5', '李杰');
  
  #开始创建视图
  #创建老师表的视图
  mysql> create view teacher_view as select * from teacher;
  Query OK, 0 rows affected (0.39 sec)
  
  #查询视图
  mysql> select * from teacher_view;
  +-----+-----------+
  | tid | tname     |
  +-----+-----------+
  |   1 | 张磊      |
  |   2 | 李平      |
  |   3 | 刘海燕    |
  |   4 | 朱云海    |
  |   5 | 李杰      |
  +-----+-----------+
  5 rows in set (0.00 sec)
  
  #查询老师表
  mysql> select * from teacher;
  +-----+-----------+
  | tid | tname     |
  +-----+-----------+
  |   1 | 张磊      |
  |   2 | 李平      |
  |   3 | 刘海燕    |
  |   4 | 朱云海    |
  |   5 | 李杰      |
  +-----+-----------+
  5 rows in set (0.00 sec)
  
  #发现2个表的数据是一摸一样的，没有区别
  ```

   查看数据库文件，发现teacher_view是没有数据文件ibd的视图并不在数据库中以存储的数据值集形式存在。行和列数据来自由定义视图的查询所引用的表，并且在引用视图时动态生成。（动态的）

  ![1556357416681](C:\Users\RootUser\AppData\Roaming\Typora\typora-user-images\1556357416681.png)

- 使用视图

  ```mysql
  #例1，往真实表中插入一条数据，查看一下视图，发现视图表也会跟着更新
  mysql> INSERT INTO teacher (tname) VALUES ('高圆圆');
  Query OK, 1 row affected (0.10 sec)
  
  #查看视图，发现更新了一条数据
  mysql> select * from teacher_view;
  +-----+-----------+
  | tid | tname     |
  +-----+-----------+
  |   1 | 张磊      |
  |   2 | 李平      |
  |   3 | 刘海燕    |
  |   4 | 朱云海    |
  |   5 | 李杰      |
  |   6 | 高圆圆    |
  +-----+-----------+
  
  #例2、往视图表中插入一条数据，真实表也会发现变化
  mysql> INSERT INTO teacher_view (tname) VALUES ('董卿');
  Query OK, 1 row affected (0.09 sec)
  
  #查看真实表，发现也更新了
  mysql> select * from teacher;
  +-----+-----------+
  | tid | tname     |
  +-----+-----------+
  |   1 | 张磊      |
  |   2 | 李平      |
  |   3 | 刘海燕    |
  |   4 | 朱云海    |
  |   5 | 李杰      |
  |   6 | 高圆圆    |
  |   7 | 董卿      |
  +-----+-----------+
  
  #如果将2张表联合生产视图，是不能修改视图的数据的。因为它不知道，该从哪个表里面插入数据
  #例3 创建联合表的视图
  create view ct as select * from course left join teacher on teacher.tid = 
  course.teacher_id;
  
  #查看视图记录
  mysql> select * from ct;
  +-----+--------+------------+------+-----------+
  | cid | cname  | teacher_id | tid  | tname     |
  +-----+--------+------------+------+-----------+
  |   1 | 生物   |          1 |    1 | 张磊      |
  |   2 | 物理   |          2 |    2 | 李平      |
  |   3 | 体育   |          3 |    3 | 刘海燕    |
  |   4 | 美术   |          2 |    2 | 李平      |
  +-----+--------+------------+------+-----------+
  4 rows in set (0.00 sec)
  
  #插入失败
  mysql> insert into ct values(7,'哈哈',7,7,'张三丰');
  ERROR 1471 (HY000): The target table ct of the INSERT is not insertable-into
  ```

- 修改视图

  ```mysql
  # 语法：ALTER VIEW 视图名称 AS SQL语句
  mysql> alter view teacher_view as select * from teacher where tid > 3;
  Query OK, 0 rows affected (0.09 sec)
  
  #查看视图记录，发现改变了。
  mysql> select * from teacher_view;
  +-----+-----------+
  | tid | tname     |
  +-----+-----------+
  |   4 | 朱云海    |
  |   5 | 李杰      |
  |   6 | 高圆圆    |
  |   7 | 董卿      |
  +-----+-----------+
  ```

- 删除视图

  ```mysql
  # 语法：DROP VIEW 视图名称
  mysql> drop view teacher_view;
  Query OK, 0 rows affected (0.00 sec)
  ```

- 注意：视图只能用到查询

  如果使用视图查询会很慢，不推荐使用。因为它会消费MySQL性能

  

#### 二、触发器

**使用触发器可以定制用户对表进行【增、删、改】操作时前后的行为，注意：没有查询**

- 创建触发器：有6个动作，分别是增前，增后。删前，删后。改前，改后

  ```mysql
  # 插入前
  CREATE TRIGGER tri_before_insert_tb1 BEFORE INSERT ON tb1 FOR EACH ROW
  BEGIN
      ...
  END
  
  # 插入后
  CREATE TRIGGER tri_after_insert_tb1 AFTER INSERT ON tb1 FOR EACH ROW
  BEGIN
      ...
  END
  
  # 删除前
  CREATE TRIGGER tri_before_delete_tb1 BEFORE DELETE ON tb1 FOR EACH ROW
  BEGIN
      ...
  END
  
  # 删除后
  CREATE TRIGGER tri_after_delete_tb1 AFTER DELETE ON tb1 FOR EACH ROW
  BEGIN
      ...
  END
  
  # 更新前
  CREATE TRIGGER tri_before_update_tb1 BEFORE UPDATE ON tb1 FOR EACH ROW
  BEGIN
      ...
  END
  
  # 更新后
  CREATE TRIGGER tri_after_update_tb1 AFTER UPDATE ON tb1 FOR EACH ROW
  BEGIN
      ...
  END
  ```

- 使用触发器

  ```mysql
  #例子：用户和日志表。每次创建一个用户之后，就在日志布表中生成这条记录
  # 创建用户表
  create table user(
      id int primary key auto_increment,
      name varchar(20) not null,
      reg_time datetime, # 注册用户的时间
      affirm enum('yes','no') # no表示该用户执行失败
  );
  
  #创建日志表
  create table userLog(
      id int primary key auto_increment,
      u_name varchar(20) not null,
      u_reg_time datetime # 注册用户的时间
  );
  
  小知识点：
  默认情况下，mysql语句是以分号来作为结束符的。通过delimiter命令，可以修改结束符。比如修改为//
  delimiter修改是全局的，不要轻易修改。修改之后，要还原回来。
  
  触发器无法由用户直接调用，而知由于对表的【增/删/改】操作被动引发的。
  # 创建触发器 delimiter 默认情况下，delimiter是分号 触发器名称应遵循命名约定[trigger time]_[table name]_[trigger event]
  delimiter //
  create trigger after_user_insert after insert on user for each row
  begin
      if new.affirm = 'yes' then
          insert into userLog(u_name,u_reg_time) values(new.name,new.reg_time);
      end if;
  
  end //
  delimiter ;
  
  #往用户表中插入记录，触发触发器，根据if的条件决定是否插入数据
  mysql> insert into user(name,reg_time,affirm) values ('张三',now(),'yes'),('李四',now(),'yes'),('王五',now(),'no');
  Query OK, 3 rows affected (0.13 sec)
  Records: 3  Duplicates: 0  Warnings: 0
  
  # 查看日志表，发现多了两条记录 ，大家应该看到for each row就明白了
  mysql> select * from userlog;
  +----+--------+---------------------+
  | id | u_name | u_reg_time          |
  +----+--------+---------------------+
  |  1 | 张三   | 2018-06-15 16:07:15 |
  |  2 | 李四   | 2018-06-15 16:07:15 |
  +----+--------+---------------------+
  2 rows in set (0.00 sec)
  
  #注意：请注意，在为INSERT定义的触发器中，可以仅使用NEW关键字。不能使用OLD关键字。但是，在为DELETE定义的触发器中，没有新行，因此您只能使用OLD关键字。在UPDATE触发器中，OLD是指更新前的行，而NEW是更新后的行
  
  new.name表示表里面的字段name
  当new.affirm为yes才插入，否则不插入
  ```

- 删除触发器

  ```mysql
  语法：
  drop trigger 触发器名;
  
  #删除触发器after_user_insert
  mysql> drop trigger after_user_insert;
  Query OK, 0 rows affected (0.00 sec)
  
  一、数学函数
      ROUND(x,y)
          返回参数x的四舍五入的有y位小数的值
  
      RAND()
          返回０到１内的随机值,可以通过提供一个参数(种子)使RAND()随机数生成器生成一个指定的值。
  
  二、聚合函数(常用于GROUP BY从句的SELECT查询中)
      AVG(col)返回指定列的平均值
      COUNT(col)返回指定列中非NULL值的个数
      MIN(col)返回指定列的最小值
      MAX(col)返回指定列的最大值
      SUM(col)返回指定列的所有值之和
      GROUP_CONCAT(col) 返回由属于一组的列值连接组合而成的结果    
  
  三、字符串函数
      CHAR_LENGTH(str)
          返回值为字符串str 的长度，长度的单位为字符。一个多字节字符算作一个单字符。
      CONCAT(str1,str2,...)
          字符串拼接
          如有任何一个参数为NULL ，则返回值为 NULL。
      CONCAT_WS(separator,str1,str2,...)
          字符串拼接（自定义连接符）
          CONCAT_WS()不会忽略任何空字符串。 (然而会忽略所有的 NULL）。
  
      CONV(N,from_base,to_base)
          进制转换
          例如：
              SELECT CONV('a',16,2); 表示将 a 由16进制转换为2进制字符串表示
  
      FORMAT(X,D)
          将数字X 的格式写为'#,###,###.##',以四舍五入的方式保留小数点后 D 位， 并将结果以字符串的形式返回。若  D 为 0, 则返回结果不带有小数点，或不含小数部分。
          例如：
              SELECT FORMAT(12332.1,4); 结果为： '12,332.1000'
      INSERT(str,pos,len,newstr)
          在str的指定位置插入字符串
              pos：要替换位置其实位置
              len：替换的长度
              newstr：新字符串
          特别的：
              如果pos超过原字符串长度，则返回原字符串
              如果len超过原字符串长度，则由新字符串完全替换
      INSTR(str,substr)
          返回字符串 str 中子字符串的第一个出现位置。
  
      LEFT(str,len)
          返回字符串str 从开始的len位置的子序列字符。
  
      LOWER(str)
          变小写
  
      UPPER(str)
          变大写
  
      REVERSE(str)
          返回字符串 str ，顺序和字符顺序相反。
  
      SUBSTRING(str,pos) , SUBSTRING(str FROM pos) SUBSTRING(str,pos,len) , SUBSTRING(str FROM pos FOR len)
          不带有len 参数的格式从字符串str返回一个子字符串，起始于位置 pos。带有len参数的格式从字符串str返回一个长度同len字符相同的子字符串，起始于位置 pos。 使用 FROM的格式为标准 SQL 语法。也可能对pos使用一个负值。假若这样，则子字符串的位置起始于字符串结尾的pos 字符，而不是字符串的开头位置。在以下格式的函数中可以对pos 使用一个负值。
  
          mysql> SELECT SUBSTRING('Quadratically',5);
              -> 'ratically'
  
          mysql> SELECT SUBSTRING('foobarbar' FROM 4);
              -> 'barbar'
  
          mysql> SELECT SUBSTRING('Quadratically',5,6);
              -> 'ratica'
  
          mysql> SELECT SUBSTRING('Sakila', -3);
              -> 'ila'
  
          mysql> SELECT SUBSTRING('Sakila', -5, 3);
              -> 'aki'
  
          mysql> SELECT SUBSTRING('Sakila' FROM -4 FOR 2);
              -> 'ki'
  
  四、日期和时间函数
      CURDATE()或CURRENT_DATE() 返回当前的日期
      CURTIME()或CURRENT_TIME() 返回当前的时间
      DAYOFWEEK(date)   返回date所代表的一星期中的第几天(1~7)
      DAYOFMONTH(date)  返回date是一个月的第几天(1~31)
      DAYOFYEAR(date)   返回date是一年的第几天(1~366)
      DAYNAME(date)   返回date的星期名，如：SELECT DAYNAME(CURRENT_DATE);
      FROM_UNIXTIME(ts,fmt)  根据指定的fmt格式，格式化UNIX时间戳ts
      HOUR(time)   返回time的小时值(0~23)
      MINUTE(time)   返回time的分钟值(0~59)
      MONTH(date)   返回date的月份值(1~12)
      MONTHNAME(date)   返回date的月份名，如：SELECT MONTHNAME(CURRENT_DATE);
      NOW()    返回当前的日期和时间
      QUARTER(date)   返回date在一年中的季度(1~4)，如SELECT QUARTER(CURRENT_DATE);
      WEEK(date)   返回日期date为一年中第几周(0~53)
      YEAR(date)   返回日期date的年份(1000~9999)
  
      重点:
      DATE_FORMAT(date,format) 根据format字符串格式化date值
  
         mysql> SELECT DATE_FORMAT('2009-10-04 22:23:00', '%W %M %Y');
          -> 'Sunday October 2009'
         mysql> SELECT DATE_FORMAT('2007-10-04 22:23:00', '%H:%i:%s');
          -> '22:23:00'
         mysql> SELECT DATE_FORMAT('1900-10-04 22:23:00',
          ->                 '%D %y %a %d %m %b %j');
          -> '4th 00 Thu 04 10 Oct 277'
         mysql> SELECT DATE_FORMAT('1997-10-04 22:23:00',
          ->                 '%H %k %I %r %T %S %w');
          -> '22 22 10 10:23:00 PM 22:23:00 00 6'
         mysql> SELECT DATE_FORMAT('1999-01-01', '%X %V');
          -> '1998 52'
         mysql> SELECT DATE_FORMAT('2006-06-00', '%d');
          -> '00'
  
  五、加密函数
      MD5()    
          计算字符串str的MD5校验和
      PASSWORD(str)   
          返回字符串str的加密版本，这个加密过程是不可逆转的，和UNIX密码加密过程使用不同的算法。
  
  六、控制流函数            
      CASE WHEN[test1] THEN [result1]...ELSE [default] END
          如果testN是真，则返回resultN，否则返回default
      CASE [test] WHEN[val1] THEN [result]...ELSE [default]END  
          如果test和valN相等，则返回resultN，否则返回default
  
      IF(test,t,f)   
          如果test是真，返回t；否则返回f
  
      IFNULL(arg1,arg2) 
          如果arg1不是空，返回arg1，否则返回arg2
  
      NULLIF(arg1,arg2) 
          如果arg1=arg2返回NULL；否则返回arg1  
  ```

  [更多学习](https://www.yiibai.com/mysql/stored-function.html)

#### 三、事务

​	事务用于将某些操作的多个SQL作为原子性操作，一旦有某一个出现错误，即可回滚到原来的状态，从而保证数据库数据完整性。

举例说明：

```mysql
#创建用户表
create table user2(
id int primary key auto_increment,
name char(32),
balance int
);

#插入数据
insert into user2(name,balance)
values
('wsb',1000),
('egon',1000),
('ysb',1000);

#模拟异常，并进行回滚
#先模拟出现异常，回滚到初始状态
#原子操作
#表示开始事务
mysql> start transaction; 
Query OK, 0 rows affected (0.00 sec)

#买支付100元
mysql> update user2 set balance=900 where name='wsb'; 
Query OK, 1 row affected (0.00 sec)
Rows matched: 1  Changed: 1  Warnings: 0

#中介拿走10元
mysql> update user2 set balance=1010 where name='egon'; 
Query OK, 1 row affected (0.00 sec)
Rows matched: 1  Changed: 1  Warnings: 0

#卖家拿到90元
mysql> update user2 set balance=1090 where name='ysb'; 
Query OK, 1 row affected (0.00 sec)
Rows matched: 1  Changed: 1  Warnings: 0

#查看数据，发现不对
mysql> select * from user2;
+----+------+---------+
| id | name | balance |
+----+------+---------+
|  1 | wsb  |     900 |
|  2 | egon |    1010 |
|  3 | ysb  |    1090 |
+----+------+---------+
3 rows in set (0.00 sec)

#回滚到初始状态
mysql> rollback;
Query OK, 0 rows affected (0.10 sec)

mysql> select * from user2;
+----+------+---------+
| id | name | balance |
+----+------+---------+
|  1 | wsb  |    1000 |
|  2 | egon |    1000 |
|  3 | ysb  |    1000 |
+----+------+---------+
3 rows in set (0.00 sec)

#注意：一旦执行commit，就无法回滚了！
#举例2：原子操作
start transaction;
update user2 set balance=900 where name='wsb'; #买支付100元
update user2 set balance=1010 where name='egon'; #中介拿走10元
update user2 set balance=1090 where name='ysb'; #卖家拿到90元
commit;

#查看表记录，发现不对
mysql> select * from user;
+----+--------+---------------------+--------+
| id | name   | reg_time            | affirm |
+----+--------+---------------------+--------+
|  1 | 张三   | 2018-06-15 16:07:15 | yes    |
|  2 | 李四   | 2018-06-15 16:07:15 | yes    |
|  3 | 王五   | 2018-06-15 16:07:15 | no     |
+----+--------+---------------------+--------+
3 rows in set (0.00 sec)

#执行回滚操作
mysql> rollback;
Query OK, 0 rows affected (0.00 sec)

#再查看表记录，发现回不来了...
mysql> select * from user2;
+----+------+---------+
| id | name | balance |
+----+------+---------+
|  1 | wsb  |     900 |
|  2 | egon |    1010 |
|  3 | ysb  |    1090 |
+----+------+---------+
3 rows in set (0.00 sec)
```

